[{"消息": 1, "近": 1, "春": 1, "来": 1, "东风": 1, "还": 1, "又": 1, "先借": 1, "椒": 1, "盘": 1, "劝": 1, "金斗": 1, "坐": 1, "间": 1, "和": 1, "气": 1, "压": 1, "尽": 1, "一番": 1, "梅": 1, "柳": 1, "掖": 1, "庭": 1, "频": 1, "寓": 1, "直": 1, "君": 1, "恩": 1, "厚": 1, "天": 1, "祐": 1, "两": 1, "宫": 1, "南山": 1, "齐": 1, "寿": 1, "况": 1, "有": 1, "仙丹": 1, "在": 1, "公": 1, "手": 1, "论功": 1, "医": 1, "国": 1, "合在": 1, "药王": 1, "之": 1, "右": 1, "不妨": 1, "千岁": 1, "饮": 1, "长生": 1, "酒": 1}, {"南岳": 1, "有": 1, "真": 1, "仙": 1, "人间": 1, "祥瑞": 1, "酒量": 1, "诗豪": 1, "世": 1, "无比": 1, "晚年": 1, "林下": 1, "做": 1, "个": 1, "清闲": 1, "活计": 1, "诮": 1, "如": 1, "千岁": 1, "鹤": 1, "巢": 1, "云际": 1, "此": 1, "日": 1, "大家": 1, "广": 1, "排": 1, "筵会": 1, "酒": 1, "劝": 1, "千": 1, "钟": 1, "莫": 1, "辞": 1, "醉": 1, "昔时": 1, "彭祖": 1, "寿": 1, "年": 1, "八百": 1, "八百余": 1, "百余": 1, "余岁": 1, "十分": 1, "才": 1, "一分": 1, "那里": 1, "暨": 1}, {"交": 1, "广": 1, "出": 1, "沉香": 1, "路遥": 1, "难": 1, "致": 1, "何况": 1, "卑": 1, "人": 1, "更": 2, "不易": 1, "寿星": 1, "香": 1, "帕": 1, "我": 1, "又": 1, "几曾": 1, "识": 1, "置": 1, "有": 1, "般": 1, "祝寿": 1, "底": 1, "忒": 1, "忔": 1, "戏": 1, "剪下": 1, "一张": 1, "池州": 1, "表": 1, "纸": 2, "拈": 2, "得": 1, "轻": 1, "圆": 1, "滑腻": 1, "五": 1, "双": 1, "管": 1, "打": 1, "十个": 1, "喷嚏": 1, "□□□□": 1, "儿": 1, "一百": 1, "一百岁": 1, "百岁": 1}, {"去日": 1, "清": 1, "霜": 1, "菊": 1, "满": 1, "丛": 1, "归来": 1, "高": 1, "柳絮": 1, "缠": 1, "空": 1, "长驱": 1, "万里": 1, "山": 1, "收": 1, "瘴": 1, "径": 1, "度": 1, "层": 1, "波海": 1, "不": 1, "风": 1, "阴德": 1, "遍": 1, "岭": 1, "西东": 1, "天": 1, "教": 1, "慈母": 1, "寿": 1, "无穷": 1, "遥知": 1, "今夕": 1, "称觞": 1, "处": 1, "衣": 2, "彩": 1, "还": 1, "将": 1, "绣": 1, "同": 1}, {"阿": 1, "母": 1, "蟠桃": 1, "下": 1, "记": 1, "春": 1, "长沙": 1, "星": 1, "里": 1, "寿星": 1, "明": 1, "金花": 1, "罗": 1, "纸": 1, "新": 1, "裁": 1, "诏": 1, "具": 1, "叶": 1, "傍": 1, "行": 1, "别": 1, "绶": 1, "经": 1, "同": 1, "龙子": 1, "祝": 1, "龟": 1, "龄": 1, "天": 1, "教": 1, "二老": 1, "鬓": 1, "长青": 1, "明年": 1, "今日": 1, "称觞": 1, "处": 1, "更": 1, "有": 1, "孙": 1, "枝": 1, "满": 1, "谢": 1, "庭": 1}, {"楚楚": 1, "吾": 1, "家": 1, "千里": 1, "千里驹": 1, "老人": 2, "人心": 1, "心事": 1, "正开": 1, "渠": 1, "风流": 1, "不减": 1, "庭前": 1, "玉": 1, "爱惜": 1, "真": 1, "如": 1, "掌上": 1, "珠": 1, "纡": 1, "绿": 1, "绶": 1, "荐": 1, "方壶": 1, "沉醉": 1, "弟兄": 1, "扶": 1, "问": 1, "将": 1, "何物": 1, "为": 1, "儿": 1, "寿": 1, "付与": 1, "家传": 1, "万卷": 1, "万卷书": 1}, {"袅袅": 1, "薰风": 1, "响": 1, "珮": 1, "环": 1, "广寒": 1, "广寒仙子": 1, "仙子": 1, "跨": 1, "清": 1, "鸾": 1, "谁": 1, "教": 1, "瑞": 1, "世仪": 1, "周": 1, "间": 1, "自": 1, "赋": 1, "多": 1, "才": 1, "继": 1, "小山": 1, "铃": 1, "阁": 1, "静": 1, "画堂": 1, "闲": 1, "衮": 1, "衣": 1, "象": 1, "服": 1, "镇": 1, "团": 1, "栾": 1, "年": 2, "此": 1, "日": 1, "称觞": 1, "处": 1, "留待": 1, "菖蒲": 1, "驻": 1, "玉": 1, "颜": 1}, {"十载": 1, "分": 1, "符": 1, "衣": 1, "绣衣": 1, "裳": 1, "阴处": 1, "处处": 1, "浙东": 1, "东西": 1, "政": 1, "成": 1, "已": 1, "可": 1, "书": 1, "银": 1, "笔": 1, "词": 1, "鹿": 1, "仍": 1, "堪": 1, "付": 1, "雪儿": 1, "春": 1, "未": 1, "半": 1, "日方": 1, "迟": 1, "御": 1, "沟": 1, "金": 1, "袅": 1, "柳": 1, "如丝": 1, "凤": 1, "池": 1, "留得": 1, "梅花": 1, "住": 1, "欲": 1, "与": 1, "先生": 1, "荐": 1, "寿": 1, "卮": 1}, {"内": 1, "乐清": 1, "清虚": 1, "息": 1, "万缘": 1, "逍遥": 1, "真是": 1, "地": 1, "行": 1, "仙": 1, "徙": 1, "他": 1, "玉带": 1, "金鱼": 1, "贵": 1, "听": 1, "我": 1, "纶巾": 1, "纶巾羽扇": 1, "羽扇": 1, "便": 1, "倾": 1, "九": 1, "酝": 1, "祝": 1, "长年": 1, "休": 1, "辞": 1, "潋滟": 1, "十分": 1, "舡": 1, "来年": 1, "此": 1, "日": 1, "称觞": 1, "处": 1, "定有": 1, "重孙": 1, "戏": 1, "膝": 1, "前": 1}, {"清": 1, "晓": 1, "祥云": 1, "绕": 1, "碧": 1, "天": 1, "老人": 1, "老人星": 1, "忽": 1, "下": 1, "南": 1, "躔": 1, "庭": 1, "兰": 1, "共": 1, "酌": 1, "长生": 1, "酒": 1, "持": 1, "上": 1, "华": 1, "堂": 1, "彩": 1, "侍": 1, "前": 1, "开": 1, "绮": 1, "席": 1, "舞": 1, "朱颜": 1, "轻": 1, "红莲": 1, "莲叶": 1, "荐": 1, "金": 1, "盘": 1, "沉香": 1, "小院": 1, "浑": 1, "先": 1, "暑": 1, "更": 1, "有": 1, "杯": 1, "传": 1, "数百": 1, "数百年": 1, "百年": 1}, {"衣": 1, "润": 1, "红": 1, "绡": 1, "梅": 1, "欲": 1, "黄": 1, "几年": 1, "欢": 1, "意": 1, "属": 1, "华": 1, "堂": 1, "红颜": 1, "阿": 1, "母": 1, "逢": 1, "占": 1, "虺": 1, "班": 1, "鬓": 1, "儿童": 1, "尽": 1, "举": 1, "觞": 1, "麟": 1, "作": 1, "脯": 1, "玉": 1, "为": 1, "浆": 1, "从今": 1, "三万": 1, "万六": 1, "六千": 1, "场": 1, "桑": 1, "麻": 1, "休": 1, "说": 1, "桑田": 1, "变": 1, "自是": 1, "经": 1, "门": 1, "日月": 1, "长": 1}, {"幕天席地": 1, "席地": 1, "瑞": 1, "脑": 1, "香浓": 1, "笙歌": 1, "沸": 1, "白": 1, "纻": 1, "衣": 1, "轻": 2, "鹓": 1, "发霜": 1, "髯": 1, "照": 1, "座": 1, "明": 1, "簪": 1, "小": 1, "珥": 1, "却是": 1, "人间": 2, "真": 1, "富贵": 1, "好": 1, "着": 1, "丹青": 1, "画": 1, "与": 1, "间作": 1, "寿星": 1}, {"急": 1, "鼓": 1, "疏": 1, "钟声": 1, "声报": 1, "报晓": 1, "楼上": 1, "今朝": 1, "卷起": 1, "起重": 1, "帘": 1, "早": 1, "环": 1, "珮": 1, "珊": 2, "香": 1, "袅袅": 1, "尘埃": 1, "不到": 1, "如": 1, "蓬": 1, "岛": 1, "何用": 1, "珠玑": 1, "相映": 1, "映照": 1, "韵": 1, "胜": 1, "形": 1, "清": 1, "自有": 1, "天然": 1, "好": 1, "莫": 1, "向": 1, "尊": 1, "前": 1, "辞": 1, "醉倒": 1, "松": 1, "枝": 1, "鹤": 1, "骨": 1, "偏宜": 1, "老": 1}, {"新": 1, "晴": 1, "庭院": 1, "暑": 1, "风": 1, "轻": 1, "瑞气": 1, "朝": 1, "来": 2, "特地": 1, "清": 1, "霞帔": 1, "羽衣": 1, "筠": 1, "竹": 1, "杖": 1, "萱堂": 1, "真": 1, "有": 1, "寿星": 1, "明": 1, "自来": 1, "忠孝": 1, "传家": 1, "家世": 1, "所以": 1, "芝兰": 1, "满": 1, "户庭": 1, "簪": 1, "笏": 1, "成行": 1, "称": 1, "寿": 1, "处": 1, "老": 1, "皆": 1, "已": 1, "鬓": 1, "星星": 1}, {"露": 1, "零": 1, "金井": 1, "尘": 1, "清": 1, "玉宇": 1, "双": 1, "蓂": 1, "呈": 1, "瑞": 1, "新": 1, "秋": 1, "佳": 1, "气": 1, "郁": 1, "葱": 1, "祥": 1, "烟": 1, "缭绕": 1, "玉门": 1, "初": 1, "诞": 1, "风流": 1, "宾客": 1, "竞": 1, "回眸": 1, "庆": 1, "虎头": 1, "食肉": 1, "燕": 1, "颔": 1, "封侯": 1, "骨相": 1, "非凡": 1, "便宜": 1, "谈笑": 1, "上": 1, "瀛洲": 1, "青衫": 1, "莫": 1, "欢": 1, "淹留": 1, "有": 1, "儿孙": 1, "兰": 1, "玉": 2, "不负": 1, "箕裘": 1, "莲": 1, "幕": 1, "向来": 1, "花城": 1, "今日": 1, "不妨": 1, "小试": 1, "良": 1, "筹": 1, "名": 1, "姓": 1, "在": 1, "金瓯": 1, "看": 1, "佩": 1, "珂": 1, "鸣": 1, "促": 1, "侍": 1, "宸": 1, "旒": 1, "直待": 1, "功成名遂": 1, "成名": 1, "遂": 1, "归": 1, "作": 1, "赤松": 1, "游": 1}, {"枢": 1, "庭": 1, "喜庆": 1, "庆生": 1, "生辰": 1, "到": 1, "仙": 1, "伯": 1, "离": 1, "蓬": 1, "岛": 1, "鲁": 1, "台": 1, "云": 1, "物": 1, "正": 1, "呈祥": 1, "线": 1, "绣": 1, "工夫": 1, "从此": 1, "、": 2, "日": 1, "添": 1, "长": 1, "满": 1, "斟": 1, "绿": 1, "醑": 1, "深深": 1, "劝": 1, "岁": 2, "长相": 1, "相见": 1, "蟠桃": 1, "结子": 1, "几番": 1, "番红": 1, "笑": 1, "赏": 1, "清歌": 1, "歌声": 1, "声调": 1, "叶": 1, "黄": 1, "钟": 1}, {"香烟": 1, "绕": 1, "遍": 1, "兰": 1, "堂": 1, "宴": 1, "香": 5, "鸭": 1, "珠帘": 1, "卷": 1, "香风": 1, "转": 1, "后": 1, "送": 1, "韶": 1, "音": 1, "酝": 1, "佳": 2, "筵": 1, "今日": 1, "、": 2, "庆": 1, "辰": 1, "香山": 1, "烧尽": 1, "禽": 1, "飞": 1, "放": 1, "袖": 1, "佳人": 1, "唱": 1, "醪": 1, "满满": 1, "十分": 1, "斟": 1, "信": 1, "传": 1, "时延": 1, "延寿": 1, "保": 1, "千": 1, "春": 1}, {"寿": 4, "香烟": 1, "篆": 1, "金": 1, "炉": 1, "细": 1, "寿酒": 1, "邀": 1, "宾": 1, "至": 1, "寿筵": 1, "两": 1, "畔": 1, "列": 1, "红妆": 1, "曲": 1, "仙": 1, "音": 1, "一品": 1, "、": 2, "舞": 1, "霓裳": 1, "寿星": 1, "高": 1, "挂": 1, "生": 1, "祥瑞": 1, "祝": 1, "长生": 1, "生意": 1, "杯": 1, "满": 1, "劝": 1, "庆": 1, "遐龄": 1, "寿比南山": 1, "南山": 1, "山松": 1, "松柏": 1, "永": 1, "长春": 1}, {"香": 1, "云": 1, "佳": 1, "气": 1, "交": 1, "盘结": 1, "又": 1, "庆生": 1, "申": 1, "节": 1, "满堂": 1, "簪": 1, "绂": 1, "奉": 1, "霞": 1, "觞": 1, "瑞": 1, "应": 1, "台": 1, "躔": 1, "南极": 1, "、": 2, "见": 2, "光芒": 1, "心田": 1, "积累": 1, "阴功": 1, "足": 1, "来": 1, "受": 1, "人": 1, "天福": 1, "从今": 1, "几度": 1, "河清": 1, "笑傲": 1, "壶中日月": 1, "中日": 1, "日月": 1, "镇长": 1, "长春": 1}, {"昨": 1, "霄": 1, "南极": 1, "南极星": 1, "星光": 1, "现": 1, "今日": 1, "开": 1, "华": 1, "宴": 1, "朱颜": 1, "翠": 1, "鬓": 1, "占": 1, "春": 2, "多": 1, "且": 1, "向": 1, "博山": 1, "香": 1, "袅": 1, "、": 2, "卷": 1, "金": 1, "荷": 1, "龟": 1, "游": 1, "鹤": 1, "舞": 1, "千年": 1, "寿": 1, "更": 1, "酌": 1, "千": 1, "钟": 1, "酒": 1, "满": 1, "庭": 1, "佳客": 1, "捧": 1, "殷勤": 1, "此": 1, "日": 1, "蒲": 1, "菊": 1, "新绿": 1, "瓮": 1, "头": 1}, {"良辰": 1, "佳景": 1, "列": 1, "华": 1, "筵": 1, "笙歌": 1, "奏": 1, "管弦": 1, "位居": 1, "荣显": 1, "子孙": 1, "贤": 1, "功名": 1, "事": 1, "双全": 1, "庆祝": 1, "祝寿": 1, "拜": 1, "尊": 1, "前": 1, "重重": 1, "福": 1, "禄": 1, "坚": 1, "愿": 1, "如": 1, "彭祖": 1, "寿": 2, "齐": 1, "年": 1, "金杯": 1, "劝": 1, "仙": 1}, {"谢": 1, "娘": 1, "诗礼": 1, "有": 1, "家风": 1, "吹": 1, "窗": 1, "清": 1, "昼": 1, "同": 1, "笑言": 1, "偕老": 1, "与": 1, "梁": 1, "鸿": 1, "闺门": 1, "喜气": 1, "融": 1, "来": 1, "月": 1, "殿": 1, "下": 1, "珠": 1, "宫": 1, "人间": 1, "春意": 1, "春意浓": 1, "一尊": 1, "仙": 1, "酝": 1, "祝": 1, "芳": 1, "丛": 1, "蟠桃": 1, "千岁": 1, "红": 1}, {"薰风": 1, "风吹": 1, "尽": 1, "不多": 1, "多云": 1, "晓": 1, "天": 1, "如": 1, "水": 1, "清": 1, "哦": 1, "松": 1, "庭院": 1, "忽闻": 1, "笙": 1, "帘": 1, "疏": 1, "香": 1, "篆": 1, "明": 1, "兰": 1, "玉": 1, "盛": 1, "凤": 1, "和": 1, "鸣": 1, "家声": 1, "留": 1, "汉": 1, "庭": 1, "狨": 1, "鞍": 1, "长": 1, "傍": 1, "九重": 1, "城": 1, "年": 2, "双鬓": 1, "青": 1}, {"气": 1, "禀": 1, "五行": 1, "行天": 1, "与": 1, "秀": 1, "瑞": 1, "见": 1, "枢": 1, "延": 1, "况": 1, "是": 1, "黄": 1, "钟": 1, "奏": 1, "日影": 1, "量": 1, "来": 1, "添": 1, "午": 1, "昼": 1, "柳": 1, "梅": 1, "消息": 1, "年时": 1, "时侯": 1, "红粉": 1, "吹": 1, "香": 1, "帘幕": 1, "透": 1, "深院": 1, "笙歌": 1, "劝": 1, "饮": 1, "金钟": 1, "酒": 1, "乐事": 1, "赏心": 1, "千岁": 1, "有": 1, "黑头": 1, "头人": 1, "做": 1, "三公": 1, "公有": 1}, {"柳垂金": 1, "梅": 1, "褪": 1, "玉": 1, "昴": 1, "宿": 1, "呈祥": 1, "符应": 1, "生": 1, "公族": 1, "盖世": 1, "功名": 1, "夸": 1, "九": 1, "牧": 1, "黼": 1, "衮": 1, "褒扬": 1, "庆": 1, "阀": 1, "辉南": 1, "南北": 1, "赐": 1, "宫": 1, "醪": 1, "分": 1, "笃": 1, "耨": 1, "天": 1, "与": 1, "长生": 1, "谩": 1, "把": 1, "仙": 1, "椿": 1, "祝": 1, "好": 1, "继": 1, "平阳": 1, "腾": 1, "茂": 1, "躅": 1, "富贵": 1, "千秋": 1, "饮": 1, "听": 1, "瑶池": 1, "曲": 1}, {"凤": 1, "历书": 1, "元": 1, "龟": 1, "图画": 1, "泰": 1, "瑞": 1, "蓂": 1, "两两": 1, "初": 1, "开": 1, "舞": 1, "风": 1, "仙子": 1, "飞雪": 1, "拥": 1, "春": 1, "来": 1, "平": 1, "荡": 1, "人间": 1, "险": 1, "秽": 1, "端": 1, "为": 1, "你": 1, "没": 1, "点": 1, "尘埃": 1, "清明": 1, "世": 1, "冰": 1, "辉": 1, "太": 1, "洁": 1, "鸥": 1, "鹭": 1, "莫": 1, "惊": 1, "猜": 1, "儿孙": 1, "同": 1, "劝": 1, "寿": 1, "桃": 1, "添": 1, "西": 1, "阆": 1, "兰": 1, "绕": 1, "南": 1, "陔": 1, "看": 1, "琼": 1, "玉": 1, "妆": 1, "成": 1, "万瓦": 1, "楼台": 1, "飘洒": 1, "风流": 1, "酥": 1, "满": 1, "盏": 1, "浑": 1, "疑": 1, "醉": 1, "月影": 1, "蓬莱": 1, "从今": 1, "去": 1, "诗": 1, "高": 1, "未": 1, "老": 1, "点化": 1, "尽": 1, "多": 1, "才": 1}, {"一种": 1, "两": 1, "容": 1, "仪": 1, "红": 1, "共": 1, "白": 1, "、": 2, "交映": 1, "南": 1, "枝": 1, "紫": 1, "霞": 1, "仙": 1, "指": 1, "冰": 1, "翁": 1, "语": 1, "花": 1, "如": 1, "醉": 1, "玉": 1, "香": 1, "同": 2, "臭": 1, "雪": 1, "别样": 1, "风姿": 1, "相守": 1, "守岁": 1, "岁寒": 1, "期": 1, "春": 1, "造化": 1, "密": 1, "与": 1, "天": 1, "知": 1, "羞": 1, "将": 1, "脂粉": 1, "隈": 1, "桃李": 1, "独": 1, "先": 1, "结实": 1, "还": 1, "戴胜": 1, "归": 1, "宴": 1, "瑶池": 1}, {"祥": 1, "景": 1, "飞": 1, "光": 1, "衮": 1, "绣": 1, "流": 1, "庆": 1, "昆": 1, "台": 1, "自是": 1, "神仙": 1, "胄": 1, "谁": 1, "遣": 1, "阳": 1, "和": 1, "放": 1, "春": 1, "透": 1, "化工": 1, "重入": 1, "丹青": 1, "手": 1, "云": 1, "筝": 1, "锦": 1, "瑟": 1, "争": 1, "为": 1, "寿": 1, "玉带": 1, "金鱼": 1, "共": 1, "愿": 1, "人": 1, "长久": 1, "偷取": 1, "蟠桃": 1, "荐": 1, "芳": 1, "酒": 1, "更": 1, "看": 1, "南极": 1, "南极星": 1, "朝": 1, "斗": 1}, {"祝寿": 1, "寿筵": 1, "开": 1, "华": 1, "堂": 1, "深": 1, "映": 1, "花": 1, "如": 1, "绣": 1, "瑞": 1, "烟": 1, "喷": 1, "兽": 1, "帘幕": 1, "香风": 1, "透": 1, "一点": 1, "台": 1, "星": 1, "化作": 1, "作人": 1, "人间": 1, "秀": 1, "韶": 1, "音": 1, "奏": 1, "两行": 1, "红袖": 1, "争": 1, "劝": 1, "长生": 1, "酒": 1}, {"月": 1, "寺": 1, "星": 1, "轺": 1, "尘": 1, "梦": 1, "断": 1, "如今": 1, "平地": 1, "仙人": 1, "烟霞": 1, "卷起": 1, "旧": 1, "精神": 1, "焚香": 1, "金": 1, "鸾": 1, "𬸦，": 1, "书": 1, "奏": 1, "玉麒麟": 1, "麒麟": 1, "闻": 1, "道": 1, "枫": 1, "宸": 1, "求": 1, "侍从": 1, "看": 1, "庆": 1, "命": 1, "重新": 1, "且": 1, "将": 1, "风月": 1, "剩": 1, "酬": 1, "身": 1, "樽": 1, "中长": 1, "有": 1, "酒": 1, "花下": 1, "不": 1, "辜": 1, "春": 1}, {"绿": 1, "莺": 1, "庭院": 1, "燕": 1, "莺啼": 1, "绣": 1, "帘": 1, "垂": 1, "瑞": 1, "烟霏": 1, "一片": 1, "笙箫": 1, "声": 1, "过": 1, "彩云": 1, "低": 1, "疑": 1, "是": 1, "蕊": 1, "宫": 1, "仙子": 1, "降": 1, "翻": 1, "玉": 1, "袖": 1, "舞": 1, "瑶": 1, "姬": 1, "冰": 1, "姿": 1, "玉质": 1, "自": 1, "清": 1, "奇": 1, "看": 1, "孙": 1, "枝": 1, "列": 1, "班": 1, "衣": 1, "画": 1, "鼓": 1, "新歌": 1, "喜": 1, "映": 1, "两": 1, "疏": 1, "眉": 1, "袖里": 1, "蟠桃": 1, "桃花": 1, "花露": 1, "湿": 1, "应": 1, "不惜": 1, "醉": 1, "金": 1, "卮": 1}, {"家法": 1, "从来": 1, "师": 1, "静": 1, "治": 1, "赵": 1, "张": 1, "高": 1, "掩": 1, "前": 1, "踪": 1, "清": 1, "才": 1, "八斗": 1, "继": 1, "宗": 1, "风": 1, "年": 2, "正月": 1, "尾": 1, "桃李": 1, "满城": 1, "城中": 1, "已": 1, "把": 1, "长江": 1, "成": 1, "九": 1, "酝": 1, "请": 1, "将": 1, "太白": 1, "浮": 1, "公": 1, "更移": 1, "春": 1, "槛": 1, "向": 1, "房": 1, "栊": 1, "有": 1, "花": 1, "虽": 1, "解语": 1, "莫": 1, "负": 1, "锦": 1, "薰": 1, "笼": 1}, {"十月": 1, "小春": 1, "春天": 1, "梅": 1, "飘香": 1, "细": 1, "九叶": 1, "尧": 1, "蓂": 1, "已": 1, "呈": 1, "瑞": 1, "寿阳": 1, "仙子": 1, "暂降": 1, "羽衣": 1, "环": 1, "珮": 1, "林间": 1, "风味": 1, "别人": 1, "难": 1, "比": 1, "齐眉": 1, "共庆": 1, "劝": 1, "声": 1, "鼎沸": 1, "有": 1, "子": 1, "知": 1, "书": 1, "继": 1, "家世": 1, "兼": 1, "金": 1, "五福": 1, "行": 1, "被": 1, "君": 1, "恩宠": 1, "贲": 1, "愿": 1, "祈": 1, "龟": 1, "鹤": 1, "算": 1, "千千": 1, "千岁": 1}, {"正": 1, "朱": 1, "明时": 1, "时侯": 1, "院": 1, "宇": 1, "清": 1, "和": 2, "庆": 1, "逢": 1, "佳节": 1, "梦": 1, "应": 1, "熊": 1, "罴": 1, "尧": 1, "蓂": 1, "翻": 1, "三叶": 1, "罗绮": 1, "如云": 1, "寿": 1, "杯": 1, "争": 1, "劝": 1, "竞": 1, "起": 1, "歌": 1, "新": 1, "阕": 1, "瑞气": 1, "氤氲": 1, "祥云": 1, "缭绕": 1, "玉": 1, "炉": 1, "频": 1, "𦶟。": 1, "溪": 1, "室": 1, "封": 1, "功": 1, "几多": 1, "勋业": 1, "首": 1, "冠": 1, "今朝": 1, "一时": 1, "英杰": 1, "得": 1, "配": 1, "侯": 1, "门": 1, "岂": 1, "不": 1, "惭": 1, "疏": 1, "拙": 1, "彩": 1, "凤": 1, "鸣": 1, "早": 1, "膺": 1, "荣": 1, "擢": 1, "增": 1, "盛": 1, "斑": 1, "衣": 1, "列": 1, "福": 1, "禄": 1, "无穷": 1, "年": 1, "过": 1, "卫": 1, "武": 1, "辉光": 1, "阀阅": 1}, {"桐": 1, "叶": 1, "霜": 1, "干": 1, "芦花": 1, "风": 1, "软": 1, "晓": 1, "来": 1, "一色": 1, "新": 1, "秋": 1, "碧": 1, "光": 1, "无际": 1, "良夜": 1, "月明楼": 1, "瑞": 1, "应": 1, "长庚": 1, "入梦": 1, "钟": 1, "奇秀": 1, "、": 2, "特产": 1, "贤侯": 1, "堪": 1, "夸": 1, "处": 1, "雄姿": 1, "雄姿英发": 1, "英发": 1, "连": 1, "箭": 1, "射": 1, "双": 1, "雕": 1, "回头": 1, "思": 1, "往事": 1, "皂": 1, "囊": 1, "三进": 1, "豪气": 1, "气冲": 1, "牛": 1, "记": 1, "前": 1, "回": 1, "凤": 1, "诏": 1, "空下": 1, "南": 1, "洲": 1, "冷笑": 1, "浮云": 1, "坠": 1, "甑": 1, "鲈鱼": 1, "美": 1, "归": 1, "老": 1, "扁舟": 1, "祝君": 1, "寿": 1, "青山": 1, "不尽": 1, "绿水": 1, "自": 1, "悠悠": 1}, {"燕": 1, "堂": 1, "秋": 1, "未": 2, "老": 1, "正": 1, "木犀": 1, "香": 1, "散": 1, "芙蓉": 1, "红": 1, "小": 1, "门": 1, "阑": 1, "瑞": 1, "烟": 1, "绕": 1, "望": 1, "银河": 1, "月": 1, "暗": 1, "寿星": 1, "偏": 1, "照": 1, "碧": 1, "霞": 1, "道": 1, "要": 1, "有": 1, "真人": 1, "、": 1, "亲": 1, "传": 1, "最妙": 1, "况": 1, "桃源": 1, "旧约": 1, "重": 1, "寻": 1, "鬓发": 1, "胜": 1, "如": 1, "年少": 1, "缥缈": 1, "六": 1, "铢": 1, "衣": 1, "降": 1, "九": 1, "转": 1, "丹": 1, "成": 1, "五": 1, "云": 1, "齐": 1, "到": 2, "十": 1, "洲": 1, "三岛": 1, "神仙": 1, "路": 1, "终须": 1, "对": 1, "芝兰": 1, "芝兰玉树": 1, "玉树": 1, "宝": 1, "杯": 1, "交": 1, "劝": 1, "何": 1, "惜": 1, "玉山": 1, "醉倒": 1, "看": 1, "乘": 1, "鸾": 1, "跨": 1, "鹤": 1, "归来": 1, "洞天": 1, "晓": 1}, {"金": 1, "关": 1, "五": 1, "云": 1, "里": 1, "玉": 1, "座": 1, "太": 1, "微": 1, "间": 2, "凌": 1, "虚": 1, "新": 1, "就": 1, "燕": 1, "宣": 1, "唤": 1, "侍": 1, "臣": 1, "班": 1, "丹": 1, "扆": 1, "坐": 1, "移": 1, "前": 2, "席": 1, "禁": 1, "漏": 1, "声": 1, "传": 1, "高阁": 1, "喜气": 1, "满": 1, "龙颜": 1, "天": 1, "语": 1, "眷": 1, "畴昔": 1, "政": 1, "路": 1, "稳": 1, "跻": 1, "攀": 1, "酒": 1, "如": 1, "渑": 1, "香": 1, "袅": 1, "穗": 1, "寿南山": 1, "南山": 1, "橙黄": 1, "橙黄桔绿": 1, "樽": 1, "辉映": 1, "菊花": 1, "团": 1, "清": 1, "晓": 1, "凉风": 1, "凝": 1, "露": 1, "晴": 1, "昼": 1, "秋": 1, "光": 1, "满院": 1, "岁": 2, "奉": 1, "君": 1, "待": 1, "看": 1, "云台": 1, "画": 1, "荣": 1, "观": 1, "侈": 1, "人寰": 1}, {"春": 1, "玉": 1, "苍山": 1, "屏": 1, "星": 1, "暖": 2, "、": 3, "佳": 1, "辰": 1, "难得": 1, "看": 1, "柳": 1, "眼": 1, "梅": 1, "金": 1, "全": 1, "似": 1, "海": 1, "沂": 1, "春色": 1, "和": 1, "气": 1, "欢声": 1, "俄尔": 1, "许": 1, "祥": 1, "烟": 1, "瑞": 1, "霭": 1, "今": 1, "何": 1, "夕": 1, "是": 1, "风流": 1, "儒雅": 1, "黑头": 1, "公": 1, "悬": 1, "弧": 1, "日": 2, "福": 1, "不尽": 1, "贵": 1, "无敌": 1, "愿": 1, "岁": 2, "见": 2, "华": 1, "席": 1, "捧": 1, "霞": 1, "觞": 1, "称": 1, "寿": 2, "如": 1, "南极": 1, "说": 1, "蟠桃": 1, "桃花": 1, "正": 1, "发": 1, "柔风": 1, "瑶池": 1, "碧": 1, "待": 1, "他": 1, "年": 1, "结子": 1, "欲": 1, "成": 1, "时": 1, "留": 1, "君": 1, "摘": 1}, {"雪": 1, "坞": 1, "霜": 1, "林": 1, "一夜": 1, "报": 1, "、": 4, "春": 2, "归": 1, "消息": 1, "看": 1, "是": 1, "处": 1, "回": 2, "柳": 1, "眼": 1, "粉": 1, "匀": 1, "梅": 1, "额": 1, "和": 1, "气": 1, "已": 2, "欣": 1, "北陆": 1, "寿星": 1, "更": 1, "喜": 1, "明": 1, "南极": 1, "问": 1, "四": 1, "井": 1, "节": 1, "物": 1, "奉": 1, "谁": 1, "欢": 1, "辽东": 1, "客": 1, "熊": 1, "梦": 1, "旦": 1, "非常": 1, "日": 1, "珠": 1, "履": 1, "闹": 1, "金钗": 1, "密": 1, "指": 1, "双溪": 1, "千顷": 1, "共": 1, "斟": 1, "琼": 1, "液": 1, "不用": 1, "殷勤": 1, "千岁": 1, "祝": 1, "姓名": 1, "上": 1, "神仙": 1, "籍": 1, "但": 1, "时": 1, "从": 1, "王母": 1, "借": 1, "蟠桃": 1, "躬亲": 1, "摘": 1}, {"薰": 1, "梅": 2, "染": 1, "柳": 1, "借得": 1, "东君": 1, "手": 1, "柳色": 1, "香": 1, "到": 1, "樽": 1, "前": 1, "摅": 1, "写": 1, "才华": 1, "八斗": 1, "当年": 1, "占梦": 1, "佳": 1, "辰": 1, "今年": 1, "乐事": 1, "尤": 1, "新": 1, "日": 1, "侍": 1, "玉皇": 1, "香案": 1, "钧": 1, "天日": 1, "日月": 1, "常春": 1}, {"玉宇": 1, "生": 2, "凉": 1, "秋": 1, "恰": 1, "半": 1, "月": 1, "到": 1, "今": 1, "霄": 1, "分外": 1, "清光": 1, "满": 1, "兔": 1, "魄": 1, "呈祥": 1, "冰": 2, "�": 2, "昀": 1, "谩": 1, "广寒": 1, "广寒仙子": 1, "仙子": 1, "华": 1, "旦": 1, "聪慧": 1, "风流": 1, "天": 1, "与": 1, "擅": 1, "淑": 1, "质": 1, "婆": 1, "本": 1, "是": 1, "飞": 1, "琼": 1, "伴": 1, "□": 1, "领": 1, "彩衣": 1, "椿": 1, "祝": 1, "劝": 1, "蟠桃": 1, "待": 1, "熟": 1, "瑶池": 1, "宴": 1}, {"龙": 1, "角": 1, "辉": 1, "春": 2, "蛾": 1, "惊": 1, "晓": 1, "梦": 1, "阑": 1, "金": 1, "翠": 1, "屏": 1, "开": 2, "异": 1, "芬": 1, "薰": 1, "室": 1, "风": 1, "送": 1, "蕊": 1, "仙": 1, "来": 1, "玉女": 1, "擎": 1, "香": 3, "沐浴": 1, "人间": 1, "世": 1, "、": 2, "洗": 1, "彻": 1, "凡": 1, "埃": 1, "梅": 1, "后": 1, "留": 1, "花": 1, "酝": 1, "染": 1, "清": 1, "味": 1, "俗": 1, "难": 1, "猜": 1, "东君": 1, "尤": 1, "雅爱": 1, "传": 1, "芳": 1, "畹": 1, "发": 1, "庭": 1, "陔": 1, "宁": 1, "馨": 1, "满": 1, "尊": 1, "前": 1, "喜": 1, "奏": 1, "瑶台": 1, "便": 1, "好": 1, "纽": 1, "为": 1, "佩": 1, "王": 1, "瀛洲": 1, "路": 1, "同": 1, "赏": 1, "蓬莱": 1, "蟠桃": 1, "宴": 1, "从今": 1, "曼": 1, "倩": 1, "三": 1, "骋": 1, "奇材": 1}, {"十日": 1, "日后": 1, "重阳": 1, "甘菊": 1, "阶": 1, "前": 1, "满意": 1, "黄": 1, "生日": 1, "无": 1, "钱": 1, "留": 1, "贺客": 1, "何妨": 1, "尚有": 1, "儿": 1, "曹": 1, "理": 1, "寿": 1, "觞": 1, "双鬓": 1, "已": 1, "沧浪": 1, "休": 1, "问": 1, "金门": 1, "与": 1, "玉": 1, "堂": 1, "二": 1, "仲": 1, "相": 1, "期": 1, "三": 1, "径": 1, "在": 1, "徜徉": 1, "何用": 1, "用功": 1, "成": 1, "似": 1, "子房": 1}, {"露": 1, "着": 1, "桂枝": 1, "晓": 1, "霜": 1, "护": 1, "菊": 1, "篱": 1, "秋": 1, "无尘": 1, "玉宇": 1, "南极": 1, "一点": 1, "瑞": 1, "光": 1, "浮": 1, "崧": 1, "岳": 1, "精英": 1, "英瑞": 1, "世": 1, "河洛": 1, "河洛图": 1, "图书": 1, "寓": 1, "直": 1, "琳": 1, "馆": 1, "奉": 1, "宸": 1, "游": 1, "独": 1, "袖": 1, "功名": 1, "名手": 1, "谁": 1, "与": 2, "复": 1, "神州": 1, "带": 1, "垂": 1, "金": 1, "头": 1, "尚": 1, "黑": 1, "紫": 1, "绮": 1, "裘": 1, "年": 2, "今日": 1, "灵寿": 1, "扶出": 1, "富民": 1, "侯": 1, "应为": 1, "娉婷": 1, "一": 1, "笑": 1, "烂醉": 1, "葡萄": 1, "新": 1, "熟": 1, "明月": 1, "满": 1, "西楼": 1, "西北": 1, "雨": 1, "峰": 1, "峙": 1, "端": 1, "寿山": 1, "侔": 1}, {"寸心": 1, "千里": 1}, {"剪": 1, "新": 1, "幡儿": 1, "斜插": 1, "真珠": 1, "髻": 1}, {"楼台": 1, "里": 1, "春风": 1, "淡": 1, "荡": 1}, {"乍": 1, "卷": 1, "珠帘": 1, "新": 1, "燕": 1, "入": 1}, {"几声": 1, "天外": 1, "归": 1, "鸿": 1}, {"𫛸": 1, "鴂": 1, "一声": 1, "初": 1, "报晓": 1}]