[{"梦": 1, "魂": 1, "寻遍": 1, "忽": 1, "向": 1, "尊": 1, "前": 1, "见": 1, "好似": 1, "乌": 1, "衣": 1, "春": 1, "社": 1, "燕": 1, "软语": 1, "东风": 1, "庭院": 1, "叮咛": 1, "记取": 1, "儿": 1, "家": 1, "碧云": 1, "隐映": 1, "红霞": 1, "直下": 1, "小桥": 1, "小桥流水": 1, "流水": 1, "门前": 1, "一": 1, "树": 1, "桃花": 1}, {"一张": 1, "机": 8, "织梭": 1, "光景": 1, "去": 2, "如": 1, "飞": 2, "兰": 2, "房": 2, "夜": 1, "永": 2, "愁": 1, "无": 2, "寐": 1, "呕": 2, "轧轧": 1, "织成": 2, "春": 4, "恨": 2, "留": 2, "着": 1, "待": 2, "郎": 1, "归": 1, "两张": 1, "月": 1, "明人": 1, "静": 1, "漏": 1, "声": 1, "稀": 1, "千丝": 1, "千丝万缕": 1, "万缕": 1, "相": 1, "萦系": 1, "一段": 1, "回": 1, "纹": 1, "锦字": 1, "将": 2, "寄": 1, "呈": 1, "伊": 1, "三张": 1, "中心": 1, "有": 3, "朵": 1, "耍": 1, "花儿": 1, "娇红": 1, "嫩绿": 1, "绿春": 1, "明媚": 1, "君": 2, "须": 1, "早": 1, "折": 1, "一枝": 1, "浓艳": 1, "莫": 2, "过": 1, "芳菲": 1, "四张": 1, "四张机": 1, "鸳鸯": 1, "织就": 1, "欲": 2, "双飞": 1, "可怜": 1, "未": 1, "老头": 1, "头先": 1, "白": 1, "波碧草": 1, "碧草": 1, "晓": 1, "寒": 1, "深处": 1, "相对": 2, "浴": 1, "红衣": 1, "五张": 1, "芳心": 1, "密": 1, "与": 1, "巧": 1, "心": 1, "期": 1, "合欢": 1, "合欢树": 1, "树上": 1, "枝": 1, "连理": 1, "双头": 1, "头花": 1, "花下": 1, "两": 2, "同心": 1, "处": 1, "一对": 1, "化生": 1, "生儿": 1, "六张": 1, "雕花": 1, "铺": 1, "锦": 1, "半": 1, "离": 1, "披": 1, "别": 1, "计": 1, "炉": 1, "添": 1, "小篆": 1, "日长一线": 1, "一线": 1, "绣": 3, "工": 1, "迟": 1, "七张": 1, "春蚕": 1, "吐": 1, "尽": 2, "一生": 1, "生丝": 1, "教": 1, "容易": 1, "裁": 1, "罗绮": 1, "无端": 1, "翦": 1, "破": 1, "仙": 1, "鸾": 1, "彩": 1, "凤": 1, "分作": 1, "般": 1, "衣": 1, "八张": 1, "纤纤": 1, "纤纤玉手": 1, "玉手": 2, "住": 1, "无时": 1, "蜀": 1, "江": 1, "濯": 1, "波": 1, "媚": 1, "香": 1, "遗": 1, "囊": 1, "麝": 1, "花房": 1, "被": 2, "归去": 1, "意": 1, "迟迟": 1, "九张": 1, "一心": 1, "长": 1, "在": 1, "百花": 2, "花枝": 1, "共": 1, "作": 1, "红": 1, "堆": 1, "都": 1, "春色": 1, "藏头": 1, "头里": 1, "里面": 1, "不怕": 1, "睡": 1, "多": 1, "时": 2, "轻": 1, "丝": 1, "象": 1, "床": 1, "出新": 1, "新奇": 1, "千": 1, "花": 1, "万": 1, "草": 1, "光": 1, "凝": 1, "碧": 1, "裁缝": 1, "衣着": 1, "春天": 1, "歌舞": 1, "蝶": 1, "语": 1, "黄鹂": 1, "春衣": 1, "素丝": 1, "染": 1, "就": 1, "已": 1, "堪": 1, "悲": 1, "尘世": 1, "昏": 1, "污": 1, "无颜": 1, "颜色": 1, "应": 1, "同": 1, "秋扇": 1, "从": 1, "兹": 1, "弃": 1, "复": 1, "奉": 1, "歌声": 1, "飞落": 1, "画": 1, "梁": 1, "尘": 1, "舞": 1, "罢": 1, "香风": 1, "卷": 1, "茵": 1, "更": 1, "缕陈": 1, "机上": 1, "尊": 1, "前": 1, "忽": 1, "断肠": 1, "断肠人": 1}, {"只": 1, "倚": 1, "精忠": 1, "不要": 1, "兵": 1, "卷": 1, "旗": 1, "直": 1, "入": 1, "蔡州城": 1, "贼营": 1, "半夜": 1, "落": 1, "妖星": 1, "万": 1, "旅": 1, "云": 1, "屯": 1, "看": 1, "整": 1, "暇": 1, "十": 1, "眉": 1, "环坐": 1, "却": 1, "娉婷": 1, "白": 1, "麻": 1, "早晚": 1, "下": 1, "天庭": 1}]