[{"author": "李从周", "paragraphs": ["梦魂寻遍。", "忽向尊前见。", "好似乌衣春社燕。", "软语东风庭院。", "叮咛记取儿家。", "碧云隐映红霞。", "直下小桥流水，门前一树桃花。"], "title": "清平乐"}, {"author": "无名氏", "paragraphs": ["一张机。", "织梭光景去如飞。", "兰房夜永愁无寐。", "呕呕轧轧，织成春恨，留着待郎归。", "两张机。", "月明人静漏声稀。", "千丝万缕相萦系。", "织成一段，回纹锦字，将去寄呈伊。", "三张机。", "中心有朵耍花儿。", "娇红嫩绿春明媚。", "君须早折，一枝浓艳，莫待过芳菲。", "四张机。", "鸳鸯织就欲双飞。", "可怜未老头先白。", "春波碧草，晓寒深处，相对浴红衣。", "五张机。", "芳心密与巧心期。", "合欢树上枝连理。", "双头花下，两同心处，一对化生儿。", "六张机。", "雕花铺锦半离披。", "兰房别有留春计。", "炉添小篆，日长一线，相对绣工迟。", "七张机。", "春蚕吐尽一生丝。", "莫教容易裁罗绮。", "无端翦破，仙鸾彩凤，分作两般衣。", "八张机。", "纤纤玉手住无时。", "蜀江濯尽春波媚。", "香遗囊麝，花房绣被，归去意迟迟。", "九张机。", "一心长在百花枝。", "百花共作红堆被。", "都将春色，藏头里面，不怕睡多时。", "轻丝。", "象床玉手出新奇。", "千花万草光凝碧。", "裁缝衣着，春天歌舞，飞蝶语黄鹂。", "春衣。", "素丝染就已堪悲。", "尘世昏污无颜色。", "应同秋扇，从兹永弃，无复奉君时。", "歌声飞落画梁尘，舞罢香风卷绣茵。", "更欲缕陈机上恨，尊前忽有断肠人。"], "title": "九张机"}, {"author": "张孝祥", "paragraphs": ["只倚精忠不要兵。", "卷旗直入蔡州城。", "贼营半夜落妖星。", "万旅云屯看整暇，十眉环坐却娉婷。", "白麻早晚下天庭。"], "title": "浣溪沙"}]